line_code,units_produced,units_scrapped,scrap_rate_pct
L1,88018,1364,1.5496830193823992
L2,87071,1419,1.629704494033605
L3,87356,1539,1.7617564906818077
L4,87666,1194,1.3619875436315105
